id,nameBn,aliasesBn,nameEn,oemPartNumber,category,sideAvailable,defaultUnit,pcsPerUnit,askingPrice,floorPrice,singlePiecePrice,oldCoreDiscount,engineCC,transmissionType,popularModels,generationCode,compatibleChassis,compatibleEngines,yearStart,yearEnd,mismatchWarning,secretCode,locationShop,lastContainerTag
PART-1001,Axio নিউ রেক খোলা (Power Steering Rack),"Axio রেক, রেক খোলা, স্টিয়ারিং রেক, রেক এন্ড, Axio স্টিয়ারিং বক্স",Power Steering Rack Assembly,45510-12390,স্টিয়ারিং ও সাসপেনশন,প্রযোজ্য নয়,পিছ,1,9200,8500,9200,800,1500cc / 1800cc,CVT / 4-AT,"Axio 141, Fielder 141, Allion 260",E140 Series,"NZE141, ZRE142, NZT260","1NZ-FE, 2NZ-FE",2006,2012,২০১২ এর পরের 160 ইলেকট্রিক রেকে ফিট হবে না,RCK-92,দোকান তাক A-1,CT-2026-AUG-DXB
PART-1002,Axio ২০১৪ রেক খোলা (ইলেকট্রিক মোটরসহ),"Axio 2014 রেক, 160 রেক খোলা, হাইব্রিড রেক, এক্সিও নতুন রেক",Electric Power Steering Gear Box,45510-52240,স্টিয়ারিং ও সাসপেনশন,প্রযোজ্য নয়,পিছ,1,5200,4800,5200,500,1500cc (Hybrid / Petrol),CVT,"Axio 160, Fielder 160, Axio Hybrid",E160 Series,"NZE161, NKE165, NRE160","1NZ-FE, 1NZ-FXE",2012,2020,পুরাতন 141 মডেলে পাইপ কানেকশন নেই (মোটরচালিত),RCK-52,দোকান তাক A-2,CT-2026-AUG-DXB
PART-1003,হোন্ডা ভেজেল নিউ রেক (Honda Vezel Rack),"হোন্ডা ভেজেল নিউ রেক, ভেজেল স্টিয়ারিং রেক, Vezel EPS Rack",Honda Vezel Electric Steering Rack Assembly,53601-T7A-J01,স্টিয়ারিং ও সাসপেনশন,প্রযোজ্য নয়,পিছ,1,10500,9500,10500,1000,1500cc Hybrid (RU3 / RU1),7-Speed DCT,"Honda Vezel, Honda Fit GP5",RU Series,"RU1, RU3, GP5",LEB-H1 (1.5L i-DCD),2013,2020,টয়োটা গাড়িতে ফিট হবে না (শুধু হোন্ডা),VZL-95,দোকান তাক A-3,CT-2026-AUG-DXB
PART-1004,NZE ১৭ নং লম্বা এন রেক খোলা,"NZE 17 নং লম্বা এন রেক, ১৭ নং রেক, NZE লম্বা রেক, 121 রেক",Corolla NZE121 Steering Rack Long Type,45510-12280,স্টিয়ারিং ও সাসপেনশন,প্রযোজ্য নয়,পিছ,1,9500,9100,9500,800,1500cc (1NZ),4-AT / Manual,"Corolla NZE121, Fielder 121",E120 Series,"NZE121, ZZE122","1NZ-FE, 1ZZ-FE",2001,2006,Axio 141-এর সাথে দৈর্ঘ্য ও মাউন্টিং আলাদা,NZR-91,দোকান তাক A-4,CT-2026-AUG-DXB
PART-1005,AE-100 রেক খোলা (পাইপ ছাড়া),"AE-100 রেক পাইপ ছাড়া, ১০০ রেক, করোল্লা ১০০ স্টিয়ারিং বক্স",Corolla AE100 Steering Rack Bare,44250-12370,স্টিয়ারিং ও সাসপেনশন,প্রযোজ্য নয়,পিছ,1,8500,8000,8500,600,1500cc (5A-FE),Manual / 4-AT,"Corolla AE100, EE100, AE101",E100 Series,"AE100, EE100","5A-FE, 4E-FE",1991,2002,NZE 121 বা Axio-তে লাগবে না,100-RCK,দোকান তাক A-5,CT-2026-AUG-DXB
PART-1006,স্টারলেট রেক খোলা (Starlet Steering Rack),"স্টারলাইট রেক, স্টারলেট স্টিয়ারিং বক্স, EP82/91 রেক",Toyota Starlet EP82/EP91 Steering Rack,44250-10140,স্টিয়ারিং ও সাসপেনশন,প্রযোজ্য নয়,পিছ,1,6500,6000,6500,500,1300cc (4E-FE / 4E-FTE),Manual / Auto,"Toyota Starlet, Glanza",P80 / P90,"EP82, EP91","4E-FE, 4E-FTE",1996,1999,অন্য কোনো বড় মডেলে ফিট হবে না,STR-60,দোকান তাক A-6,CT-2026-AUG-DXB
PART-1007,মিতসুবিশি লেন্সার ৪২ নং রেক খোলা,"লেন্সার ৪২ নং রেক, লেন্সার স্টিয়ারিং বক্স, CS2 রেক",Mitsubishi Lancer CS2 Steering Rack Assembly,MR491876,স্টিয়ারিং ও সাসপেনশন,প্রযোজ্য নয়,পিছ,1,5500,5000,5500,500,1300cc / 1500cc (4G13 / 4G18),CVT / Manual,"Mitsubishi Lancer CS1, CS2, CS3 (Cedia)",CS Series,"CS2A, CS3A","4G18, 4G15",2001,2008,টয়োটা বা নিসানে মিলবে না,LNC-42,দোকান তাক A-7,CT-2026-AUG-DXB
PART-1008,Axio স্টিয়ারিং ক্রস (Universal Joint Cross),"Axio স্টিয়ারিং ক্রস, এক্সিও ক্রস, স্টিয়ারিং জয়েন্ট",Steering Column Intermediate Shaft Universal Joint,45260-12680,স্টিয়ারিং ও সাসপেনশন,প্রযোজ্য নয়,পিছ,1,1800,1500,1800,100,সব 1NZ / 2NZ,সব,"Axio 141, Fielder 141, Allion 260, Premio 260",E140 / T260,"NZE141, NZT260, ZRE142",1NZ-FE,2006,2012,NZE 121 মডেলে দাঁতের সাইজ আলাদা,CRS-15,দোকান ড্রয়ার B-1,CT-2026-AUG-DXB
PART-1009,NZE স্টিয়ারিং ক্রস (Universal Joint),"NZE স্টিয়ারিং ক্রস, 121 স্টিয়ারিং ক্রস, ছোট ক্রস",Corolla NZE121 Steering Column Universal Joint,45260-12570,স্টিয়ারিং ও সাসপেনশন,প্রযোজ্য নয়,পিছ,1,1300,1100,1300,100,1500cc (1NZ),সব,"Corolla NZE121, Fielder 121, Probox 51",E120 / XP50,"NZE121, NCP51",1NZ-FE,2001,2006,Axio 141-এর সাথে দাঁত মিলবে না,CRS-11,দোকান ড্রয়ার B-2,CT-2026-AUG-DXB
PART-1010,Allion / Premio 260 সামনের কমপ্লিট সাসপেনশন সেট,"260 সামনের সাসপেনশন, 260 সাসপেনশন সেট, এলিয়ন সাসপেনশন কমপ্লিট",Complete Front Suspension Sub-Assembly with Crossmember,51201-20360-SET,স্টিয়ারিং ও সাসপেনশন,সেট (Set),সেট,1,72000,67000,72000,3000,1500cc / 1800cc (1NZ / 2ZR),CVT,"Allion 260, Premio 260",T260 Series,"NZT260, ZRT260","1NZ-FE, 2ZR-FE",2007,2020,৪-হুইল ড্রাইভ (ZRT265) মডেলে রিয়ার ক্রসমেম্বার আলাদা,SUS-67,গোডাউন ফ্লোর সাসপেনশন,CT-2026-AUG-DXB
PART-1011,Axio 141 ফ্রন্ট শক অ্যাবজরভার (জোড়া),"Axio জাম্পার, সামনের জাম্পার জোড়া, শক স্প্রিং সেট",Front Shock Absorber Strut Pair,48510-80287,স্টিয়ারিং ও সাসপেনশন,জোড়া (Pair) / ডান (RH) / বাম (LH),জোড়া,2,7500,6800,3800,500,1500cc (1NZ),CVT / 4-AT,"Axio 141, Fielder 141",E140 Series,"NZE141, ZRE142","1NZ-FE, 2NZ-FE",2006,2012,৪-হুইল ড্রাইভ (NZE144) মডেলে আলাদা,SHK-68,দোকান তাক B-1,CT-2026-AUG-DXB
PART-1012,Premio / Allion 260 ফ্রন্ট শক অ্যাবজরভার (জোড়া),"260 জাম্পার জোড়া, প্রিমিও সামনের শক, এলিয়ন শক",Front Suspension Strut Set Pair,48510-80401,স্টিয়ারিং ও সাসপেনশন,জোড়া (Pair) / ডান (RH) / বাম (LH),জোড়া,2,8500,7800,4200,500,1500cc / 1800cc,CVT,"Premio 260, Allion 260",T260 Series,"NZT260, ZRT260","1NZ-FE, 2ZR-FE",2007,2020,T240 মডেলে ফিট হবে না,SHK-78,দোকান তাক B-2,CT-2026-AUG-DXB
PART-1013,Axio 141 লোয়ার কন্ট্রোল আর্ম / চিমটা (জোড়া বা পিছ),"Axio চিমটা, লোয়ার আর্ম RH/LH, সামনের চিমটা জোড়া",Front Lower Control Arm LH/RH Pair,48068-12300,স্টিয়ারিং ও সাসপেনশন,জোড়া (Pair) / ডান (RH) / বাম (LH),জোড়া,2,6500,5800,3200,400,1500cc,সব,"Axio 141, Fielder 141, Allion 260",E140 / T260,"NZE141, NZT260",1NZ-FE,2006,2012,ডান ও বাম সাইড আলাদা করে চেক করুন,CHM-58,দোকান তাক C-1,CT-2026-AUG-DXB
PART-1014,Axio মন্টিনের বুশ (Mounting Bushing),"Axio মন্টিনের বুশ, মাউন্টিং বুশ, রবার বুশ",Engine Mount Replacement Rubber Bushing,12361-21020-BSH,স্টিয়ারিং ও সাসপেনশন,প্রযোজ্য নয়,পিছ,1,1200,1050,1200,0,1500cc,সব,"Axio 141, Fielder 141, Allion 260, Probox 51",E140 / T260,"NZE141, NZT260, NCP51",1NZ-FE,2006,2018,প্রেস মেশিনে ফিটিং করতে হয়,BSH-10,দোকান তাক C-4,CT-2026-AUG-DXB
PART-1015,Axio 141 ড্রাইভ শ্যাফট / এক্সেল (জোড়া),"Axio এক্সেল জোড়া, ড্রাইভ শ্যাফট, সামনের হাফ-শ্যাফট",Front Drive Shaft CV Axle Pair,43410-12820,ড্রাইভট্রেন ও এক্সেল,জোড়া (Pair) / ডান (RH) / বাম (LH),জোড়া,2,9500,8800,4800,600,1500cc (1NZ),CVT / 4-AT,"Axio 141, Fielder 141, Probox 51",E140 Series,"NZE141, NCP51",1NZ-FE,2006,2012,ম্যানুয়াল গিয়ারের শ্যাফট আলাদা (টিথ গণনা করুন),AXL-88,দোকান তাক C-3,CT-2026-AUG-DXB
PART-1016,হেরিয়ার ২০১৫ CV জয়েন্ট সেট (Harrier 2015 CV Joint),"হেরিয়ার ২০১৫ CV জয়েন্ট, হ্যারিয়ার এক্সেল জয়েন্ট, AVU65 জয়েন্ট",Toyota Harrier ZSU60/AVU65 CV Joint Outer/Inner Set,43460-49275,ড্রাইভট্রেন ও এক্সেল,সেট (Set),সেট,2,16500,15000,8000,1000,2000cc / 2500cc Hybrid,CVT / e-CVT,"Toyota Harrier 60, RAV4",XU60 Series,"ZSU60, AVU65","3ZR-FAE, 2AR-FXE",2013,2020,পুরাতন হেরিয়ার 30 মডেলে লাগবে না,HAR-150,দোকান তাক C-5,CT-2026-AUG-DXB
PART-1017,Axio ২০১৪ CV জয়েন্ট সেট,"Axio 2014 CV জয়েন্ট, 160 এক্সেল জয়েন্ট",Axio NZE161 Constant Velocity Joint Set,43460-59805,ড্রাইভট্রেন ও এক্সেল,সেট (Set),সেট,2,11500,10500,5600,600,1500cc,CVT,"Axio 160, Fielder 160",E160 Series,"NZE161, NKE165",1NZ-FE,2012,2020,141 মডেলের সাথে দাঁতের সংখ্যা আলাদা,CV-105,দোকান তাক C-6,CT-2026-AUG-DXB
PART-1018,Voxy ২০০৩ CV জয়েন্ট সেট,"Voxy 2003 CV জয়েন্ট, নোহা 60 এক্সেল জয়েন্ট",Noah AZR60 CV Joint Inner/Outer Set,43410-28500,ড্রাইভট্রেন ও এক্সেল,সেট (Set),সেট,2,6800,6000,3200,400,2000cc (1AZ-FSE),4-AT / CVT,"Noah 60, Voxy 60",R60 Series,"AZR60, AZR65",1AZ-FSE,2001,2007,নোহা 70 ভক্সিম্যাটিকের সাথে মিলবে না,CV-60,দোকান তাক C-7,CT-2026-AUG-DXB
PART-1019,NZE ১৮০০ cc CV জয়েন্ট সেট,"NZE 1800 cc CV জয়েন্ট, 1ZZ এক্সেল জয়েন্ট, NZE 1.8 জয়েন্ট",Corolla 1.8L 1ZZ-FE Heavy Duty CV Joint Set,43460-09250,ড্রাইভট্রেন ও এক্সেল,সেট (Set),সেট,2,11000,10000,5300,600,1800cc (1ZZ-FE),Auto,"Corolla ZZE122, Allion ZZT240, Wish 1.8",ZZ Family,"ZZE122, ZZT240, ZNE10",1ZZ-FE (1800cc),2001,2008,"1500cc (1NZ) এক্সেল চিকন, এটা মোটা",CV-180,দোকান তাক C-8,CT-2026-AUG-DXB
PART-1020,চিকন দাঁতের কলকি (Tripod Spider Joint),"চিকন দাঁতের কলকি, এক্সেল কলকি, ত্রিপদ জয়েন্ট, কলকি সেট",Inboard CV Axle Tripod Joint Spider Bearing (Fine Spline),43403-12050,ড্রাইভট্রেন ও এক্সেল,সেট (Set),সেট,2,2800,2500,1400,100,1300cc / 1500cc,অটো / CVT,"Axio, NZE, Probox, Vitz",NZ / SZ,"NZE121, NZE141, NCP51","1NZ-FE, 2NZ-FE",2001,2014,মোটা দাঁতের সাথে মিলবে না (দাঁতের সংখ্যা গুনে দিন),KLK-25,দোকান ড্রয়ার C-1,CT-2026-AUG-DXB
PART-1021,100 কলকি (Corolla 100 CV Tripod Joint),"100 কলকি, করোল্লা ১০০ এক্সেল কলকি, AE100 ত্রিপদ",Corolla AE100 Inner Tripod Joint Bearing,43403-12030,ড্রাইভট্রেন ও এক্সেল,সেট (Set),সেট,2,5500,5000,2700,200,1500cc (5A-FE),Manual / Auto,"Corolla 100, EE100, AE101",E100 Series,"AE100, EE100","5A-FE, 4E-FE",1991,2002,NZE বা Axio-তে লাগবে না,KLK-100,দোকান ড্রয়ার C-2,CT-2026-AUG-DXB
PART-1022,Axio বুস্টার (মাস্টার সিলিন্ডারসহ),"Axio বুস্টার, ব্রেক কেটলি, 141 বুস্টার, ফিল্ডার বুস্টার",Toyota Axio 141 Vacuum Brake Booster with Master Cylinder,44610-12820,ব্রেকিং সিস্টেম,প্রযোজ্য নয়,পিছ,1,5500,5000,5500,400,1500cc,CVT / 4-AT,"Axio 141, Fielder 141, Allion 260",E140 Series,"NZE141, ZRE142",1NZ-FE,2006,2012,Axio 160 হাইব্রিডের সাথে মিলবে না,BST-50,দোকান তাক E-1,CT-2026-AUG-DXB
PART-1023,Axio ২০১৪ বুস্টার (160 সিরিজ),"Axio 2014 বুস্টার, 160 বুস্টার, নতুন এক্সিও ব্রেক কেটলি",Toyota Corolla Axio 160 Brake Booster Assy,44610-52310,ব্রেকিং সিস্টেম,প্রযোজ্য নয়,পিছ,1,3200,2800,3200,300,1300cc / 1500cc পেট্রোল,CVT,"Axio 160, Fielder 160",E160 Series,"NZE161, NRE160","1NZ-FE, 1NR-FE",2012,2020,হাইব্রিড NKE165 মডেলে ইলেকট্রিক বুস্টার লাগে,BST-28,দোকান তাক E-2,CT-2026-AUG-DXB
PART-1024,NZE বুস্টার (Corolla 121 Brake Booster),"NZE বুস্টার, ১২১ বুস্টার, করোল্লা 2003/2005 বুস্টার",Corolla NZE121 Brake Booster with Master Cylinder,44610-12720,ব্রেকিং সিস্টেম,প্রযোজ্য নয়,পিছ,1,5500,5000,5500,400,1500cc (1NZ),অটো / ম্যানুয়াল,"Corolla NZE121, Fielder 121",E120 Series,"NZE121, ZZE122",1NZ-FE,2001,2006,Axio 141-এর ব্রেক পাইপের স্ক্রু প্যাটার্ন আলাদা,BST-NZE,দোকান তাক E-3,CT-2026-AUG-DXB
PART-1025,Probox বুস্টার (Toyota Probox Brake Booster),"Probox বুস্টার, প্রোবক্স কেটলি, সাকসিড বুস্টার",Toyota Probox / Succeed NCP51 Brake Booster Assy,44610-52110,ব্রেকিং সিস্টেম,প্রযোজ্য নয়,পিছ,1,4500,4000,4500,300,1300cc / 1500cc,অটো / ম্যানুয়াল,"Probox 51, Succeed 51",XP50 Series,"NCP50, NCP51, NLP51","1NZ-FE, 2NZ-FE",2002,2014,2014 এর পরের NSP160 মডেলে আলাদা,BST-PRB,দোকান তাক E-4,CT-2026-AUG-DXB
PART-1026,TRH বুস্টার (HiAce TRH200 Brake Booster),"TRH বুস্টার, বাশের বুস্টার, হাইস বুস্টার, বড় বুস্টার",Toyota HiAce TRH200 Brake Booster Vacuum Servo,44610-26610,ব্রেকিং সিস্টেম,প্রযোজ্য নয়,পিছ,1,14000,13000,14000,1000,2000cc / 2700cc Petrol,অটো,"HiAce TRH200, KDH200, Commuter",H200 Series,"TRH200, TRH214, KDH201","1TR-FE, 2TR-FE, 1KD/2KD",2004,2019,প্রাইভেট কারে ফিট হবে না (শুধুমাত্র হাইস মাইক্রো),BST-TRH,দোকান তাক E-5,CT-2026-AUG-DXB
PART-1027,বাশের বুস্টার (HiAce Commuter Long Booster),"বাশের বুস্টার, হাইস বাশ গাড়ি বুস্টার, কমিউটার বুস্টার",HiAce Commuter Commercial Van Brake Booster,44610-26470,ব্রেকিং সিস্টেম,প্রযোজ্য নয়,পিছ,1,4200,3800,4200,300,2000cc / 2500cc Diesel/Petrol,সব,"HiAce Commuter, Super GL",H200 Series,"TRH200, KDH200","1TR-FE, 2KD-FTV",2004,2016,নরমাল ছোট গাড়ির মাস্টার সিলিন্ডার লাগবে না,BST-BSH,দোকান তাক E-6,CT-2026-AUG-DXB
PART-1028,FF ABS পাম্প ও মডিউল,"FF ABS, এফ এফ এবিএস, টয়োটা এবিএস পাম্প FF",Toyota ABS Actuator Control Module Code FF,44510-52070-FF,ব্রেকিং সিস্টেম,প্রযোজ্য নয়,পিছ,1,2500,2200,2500,200,1500cc,অটো / CVT,"Axio, Fielder, Vitz, Probox",NZ Family,"NZE141, NCP91",1NZ-FE,2006,2012,মডিউলের গায়ের কোড 'FF' মিলিয়ে নিতে হবে,ABS-FF,দোকান তাক F-1,CT-2026-AUG-DXB
PART-1029,7C ABS পাম্প ও মডিউল,"7C ABS, সেভেন সি এবিএস, টয়োটা ABS 7C",Toyota ABS Actuator Brake Pump Code 7C,44510-12190-7C,ব্রেকিং সিস্টেম,প্রযোজ্য নয়,পিছ,1,8000,7500,8000,500,1500cc / 1800cc,CVT,"Allion 260, Premio 260, Axio 141",T260 / E140,"NZT260, ZRT260","1NZ-FE, 2ZR-FE",2007,2016,কোড '7C' না মিললে ড্যাশবোর্ডে এবিএস লাইট জ্বলবে,ABS-7C,দোকান তাক F-2,CT-2026-AUG-DXB
PART-1030,9J ABS পাম্প ও মডিউল,"9J ABS, নাইন জে এবিএস, প্রিমিও 9J ABS",Toyota ABS Actuator Pump Code 9J,44510-20250-9J,ব্রেকিং সিস্টেম,প্রযোজ্য নয়,পিছ,1,9000,8500,9000,500,1500cc / 1800cc,CVT,"Premio 260, Allion 260",T260 Series,"NZT260, ZRT260","1NZ-FE, 2ZR-FE",2007,2018,কোড '9J' ছাড়া অন্য কোডে ম্যাচ করবে না,ABS-9J,দোকান তাক F-3,CT-2026-AUG-DXB
PART-1031,6H ABS পাম্প ও মডিউল,"6H ABS, সিক্স এইচ এবিএস, নোহা 6H ABS",Toyota ABS Actuator Pump Code 6H,44510-28100-6H,ব্রেকিং সিস্টেম,প্রযোজ্য নয়,পিছ,1,4000,3500,4000,300,2000cc,CVT,"Noah 70, Voxy 70, Premio",R70 Series,"ZRR70, ZRT261",3ZR-FAE,2007,2014,কোড '6H' যাচাই করে বিক্রি করুন,ABS-6H,দোকান তাক F-4,CT-2026-AUG-DXB
PART-1032,এলিয়ন সামনের ডিকস / ডিস্ক (Front Disc Rotor জোড়া),"এলিয়ন সামনের ডিকস, ডিক্রব্য, ডিক্রস, 260 ব্রেক ডিস্ক, সামনের ডিস্ক জোড়া",Front Brake Disc Rotor Pair,43512-12670,ব্রেকিং সিস্টেম,জোড়া (Pair) / পিছ,জোড়া,2,5600,5200,2800,300,1500cc / 1800cc,সব,"Allion 260, Premio 260, Axio 141",T260 / E140,"NZT260, ZRT260, NZE141","1NZ-FE, 2ZR-FE",2007,2020,৫-হোল ডিস্ক (NZE 121 এর ৪-হোল ডিস্কে মিলবে না),DSC-52,দোকান তাক F-5,CT-2026-AUG-DXB
PART-1033,Voxy ২০১০ ডিকস / ডিস্ক (Noah 70 Front Disc Rotor জোড়া),"Voxy 2010 ডিকস, Voxy ২০১০ ডিক্রস, নোহা 70 ব্রেক ডিস্ক জোড়া, নোহা ডিকস",Toyota Voxy / Noah ZRR70 Front Disc Rotor Pair,43512-28190,ব্রেকিং সিস্টেম,জোড়া (Pair) / পিছ,জোড়া,2,7200,6500,3600,400,2000cc,CVT,"Noah 70, Voxy 70",R70 Series,"ZRR70, ZRR75",3ZR-FAE,2007,2014,নোহা 60-এর চেয়ে ডিক্রস ব্যাস বড়,DSC-70,দোকান তাক F-6,CT-2026-AUG-DXB
PART-1034,এলিয়নের ড্রাম (Rear Brake Drum জোড়া),"এলিয়নের ড্রাম, 260 পেছনের ড্রাম, ব্রেক বাটি জোড়া",Toyota Allion 260 Rear Brake Drum Pair,42431-12260,ব্রেকিং সিস্টেম,জোড়া (Pair) / পিছ,জোড়া,2,6500,6000,3300,300,1500cc (1NZ),CVT,"Allion 260, Premio 260, Axio 141",T260 / E140,"NZT260, NZE141",1NZ-FE,2007,2020,পেছনের ডিস্ক ব্রেক গাড়িতে ড্রাম থাকে না,DRM-60,দোকান তাক F-7,CT-2026-AUG-DXB
PART-1035,TRH ড্রাম (HiAce TRH Rear Brake Drum জোড়া),"TRH ড্রাম, হাইস পেছনের ড্রাম, 200 ড্রাম বাটি",HiAce TRH200 Rear Brake Drum Pair,42431-26150,ব্রেকিং সিস্টেম,জোড়া (Pair) / পিছ,জোড়া,2,14000,13000,7000,800,2000cc / 2700cc,অটো,"HiAce TRH200, KDH200",H200 Series,"TRH200, KDH201","1TR-FE, 2KD-FTV",2004,2019,৬-হোল কমার্শিয়াল ড্রাম,DRM-TRH,দোকান তাক F-8,CT-2026-AUG-DXB
PART-1036,NZE পিছনের হুইল সিলেন্ডার সেট,"NZE পিছনের হুইল সিলেন্ডার, ব্রেক সিলিন্ডার জোড়া, 121 হুইল সিলিন্ডার",Rear Drum Brake Wheel Cylinder Set (Pair),47550-52011,ব্রেকিং সিস্টেম,সেট (Set) / পিছ,সেট,2,1500,1200,700,100,1500cc,সব,"Corolla NZE121, Fielder 121, Probox 51",E120 / XP50,"NZE121, NCP51",1NZ-FE,2001,2006,রাবার কাপ ও পিস্টন চেক করে দিন,CYL-12,দোকান ড্রয়ার B-3,CT-2026-AUG-DXB
PART-1037,পিছনের ডাস্ট প্লেট সেট (Rear Brake Dust Plate),"পিছনের ডাস্ট প্লেট, ব্রেক কভার প্লেট, ড্রাম ডাস্ট শিল্ড",Rear Drum Brake Backing Dust Cover Shield Plate Set,47043-52020,ব্রেকিং সিস্টেম,সেট (Set) / পিছ,সেট,2,4000,3500,1900,200,1500cc,সব,"Axio 141, NZE 121, Probox 51",E140 / E120,"NZE141, NZE121",1NZ-FE,2001,2012,৪-হোল বনাম ৫-হোল মাউন্টিং মিলিয়ে নিন,DST-35,দোকান তাক F-9,CT-2026-AUG-DXB
PART-1038,৯ পিন CVT ইঞ্জিন (Toyota 1NZ 9-Pin Engine),"৯ পিন CVT ইঞ্জিন, 9 Pin ইঞ্জিন, 1NZ 9 পিন কমপ্লিট",Toyota 1NZ-FE 9-Pin Wire Harness Complete Engine with CVT,19000-21A39,ইঞ্জিন ও ট্রান্সমিশন,প্রযোজ্য নয়,পিছ,1,245000,235000,245000,10000,1500cc (1NZ-FE),CVT (9-Pin Electronic),"Axio 141, Allion 260, Premio 260, Fielder",NZ Family,"NZE141, NZT260",1NZ-FE (9-Pin),2008,2018,পুরাতন তারওয়ালা বা অন্য পিনের সাথে সেন্সর ম্যাচ করবে না,ENG-9PN,"গোডাউন-১, ফ্লোর A",CT-2026-AUG-DXB
PART-1039,CVT (4x4) গিয়ারবক্স (Four Wheel Drive CVT),"CVT (4x4) গিয়ার, 4WD সিভিটি গিয়ার, ফোর হুইল গিয়ারবক্স",Toyota K310F / K311F 4WD All-Wheel-Drive CVT Transmission,30400-12050,ইঞ্জিন ও ট্রান্সমিশন,প্রযোজ্য নয়,পিছ,1,90000,85000,90000,5000,1500cc / 1800cc,4x4 (4WD) CVT,"Axio 144 (4WD), Allion 265 (4WD), Fielder 144",E140 / T260 4WD,"NZE144, ZRT265","1NZ-FE, 2ZR-FE",2006,2016,২-হুইল ড্রাইভ (2WD) গাড়িতে বসবে না (পিছনের শ্যাফট আউটলেট আছে),GBX-4X4,"গোডাউন-১, ফ্লোর C",CT-2026-AUG-DXB
PART-1040,5A গিয়ারবক্স (Toyota 5A-FE Auto Transmission),"5A গিয়ার, ৫এ অটো গিয়ারবক্স, করোল্লা 100/110 অটো গিয়ার",Toyota A131L / A240L 4-Speed Automatic Transmission (5A Engine),35000-12710,ইঞ্জিন ও ট্রান্সমিশন,প্রযোজ্য নয়,পিছ,1,52000,48000,52000,3000,1500cc (5A-FE),4-Speed Automatic,"Corolla AE100, AE110, Carina",A-Family Engine,"AE100, AE110, AT190","5A-FE, 4A-FE",1995,2001,1NZ বা CVT গাড়িতে লাগবে না,GBX-5A,"গোডাউন-১, ফ্লোর D",CT-2026-AUG-DXB
PART-1041,Axio ইঞ্জিন মন্টিন সেট (৪ পিছ),"Axio মন্টিন, Axio ইঞ্জিন মাউন্টিং ৪ পিছের সেট",Axio 141 Engine & Transmission Mount Complete 4-Pc Set,12305-21220-SET,ইঞ্জিন ও ট্রান্সমিশন,সেট (Set) / পিছ,সেট,4,14000,13000,3600,800,1500cc,CVT / Auto,"Axio 141, Fielder 141",E140 Series,NZE141,1NZ-FE,2006,2012,160 মডেলে ব্র্যাকেট আলাদা,MNT-130,দোকান তাক G-1,CT-2026-AUG-DXB
PART-1042,Axio ২০১৪ মন্টিন সেট (160 সিরিজ),"Axio 2014 মন্টিন, 160 ইঞ্জিন মাউন্টিং সেট",Corolla Axio NZE161 Engine Mount Set,12305-21340-SET,ইঞ্জিন ও ট্রান্সমিশন,সেট (Set) / পিছ,সেট,3,6500,6000,2200,400,1300cc / 1500cc,CVT,"Axio 160, Fielder 160",E160 Series,"NZE161, NRE160",1NZ-FE,2012,2020,141 মডেলে ফিট হবে না,MNT-60,দোকান তাক G-2,CT-2026-AUG-DXB
PART-1043,Axio (4x4) ইঞ্জিন মন্টিন সেট,"Axio (4x4) ইঞ্জিন মন্টিন, 4WD মাউন্টিং সেট",Toyota Axio 4WD All-Wheel-Drive Engine Mount Set,12305-21250-4WD,ইঞ্জিন ও ট্রান্সমিশন,সেট (Set) / পিছ,সেট,4,12000,11000,3000,600,1500cc (1NZ),4x4 (4WD),"Axio 144, Fielder 144",E140 4WD,NZE144,1NZ-FE,2006,2012,২-হুইল ড্রাইভের পিছনের গিয়ার মাউন্টিং আলাদা,MNT-4X4,দোকান তাক G-3,CT-2026-AUG-DXB
PART-1044,NZE ইঞ্জিন মন্টিন সেট,"NZE ইঞ্জিন মন্টিন, 121 ইঞ্জিন মাউন্টিং ৪ পিছের সেট",Corolla NZE121 Engine Mount Complete Set,12305-21110-SET,ইঞ্জিন ও ট্রান্সমিশন,সেট (Set) / পিছ,সেট,4,11000,10000,2800,600,1500cc (1NZ),অটো / ম্যানুয়াল,"Corolla NZE121, Fielder 121, Probox 51",E120 Series,"NZE121, NCP51",1NZ-FE,2001,2006,Axio 141-এর ড্রপ সাইজ আলাদা,MNT-100,দোকান তাক G-4,CT-2026-AUG-DXB
PART-1045,Vitz মেইন মন্টিন (Toyota Vitz Main Engine Mount),"Vitz মেইন মন্টিন, ভিটজ তেল মাউন্টিং, ডান মাউন্টিং RH",Toyota Vitz / Yaris Hydraulic Main Engine Mount RH,12305-21210,ইঞ্জিন ও ট্রান্সমিশন,ডান (RH),পিছ,1,3500,3000,3500,200,1000cc / 1300cc / 1500cc,CVT / Auto,"Toyota Vitz SCP90, KSP90, NCP91, Belta",XP90 Series,"SCP90, KSP90, NCP91","1KR-FE, 2SZ-FE, 1NZ-FE",2005,2010,Axio 141-এর তুলনায় হাইট সামান্য খাটো,MNT-VTZ,দোকান তাক G-5,CT-2026-AUG-DXB
PART-1046,1NZ অটো বাটারফ্লাই (Electronic Throttle Body),"1NZ অটো বাটারফ্লাই, থ্রটল বাটারফ্লাই, ইলেকট্রনিক থ্রটল",Toyota 1NZ-FE Electronic Throttle Body Assy,22030-21030,ইলেকট্রিক্যাল ও সেন্সর,প্রযোজ্য নয়,পিছ,1,1300,1100,1300,100,1500cc (1NZ),অটো / CVT,"Axio 141, Allion 260, Premio 260, Probox",NZ Family,"NZE141, NZT260, NCP51",1NZ-FE,2006,2018,তারওয়ালা (Cable throttle) মডেলে বসবে না,THT-11,দোকান তাক H-1,CT-2026-AUG-DXB
PART-1047,1NZ ডায়নামা (Alternator 80A-90A),"1NZ ডায়নামা, এক্সিও অল্টারনেটর, 1500cc ডায়নামা",Toyota 1NZ-FE Alternator Generator,27060-21110,ইলেকট্রিক্যাল ও সেন্সর,প্রযোজ্য নয়,পিছ,1,4500,4000,4500,400,1500cc,সব,"Axio, Allion, Premio, Probox, Fielder",NZ Family,"NZE141, NZT260, NCP51",1NZ-FE,2002,2018,হাইব্রিড গাড়িতে অল্টারনেটর থাকে না,ALT-40,দোকান তাক H-2,CT-2026-AUG-DXB
PART-1048,1NZ সেল (Starter Motor),"1NZ সেল, সেল মোটর, স্টার্টার সেল",Toyota 1NZ-FE Starter Motor,28100-21020,ইলেকট্রিক্যাল ও সেন্সর,প্রযোজ্য নয়,পিছ,1,4500,4000,4500,400,1500cc,সব,"Axio, Allion, Premio, Probox, Fielder",NZ Family,"NZE141, NZT260, NCP51",1NZ-FE,2002,2018,দাঁত সংখ্যা ও ফ্লাইহুইল দেখে নিন,STR-40,দোকান তাক H-3,CT-2026-AUG-DXB
PART-1049,১৪ কয়েল সেট (Axio 141 Ignition Coil Set 4 Pcs),"১৪ কয়েল, Axio 141 প্লাগ কয়েল, ১৪১ কয়েল ৪টি",Axio 141 Denso Ignition Coil Set (4 Pcs),90919-02240-SET4,ইলেকট্রিক্যাল ও সেন্সর,সেট (Set) / পিছ,সেট,4,11000,10200,2700,400,1500cc (1NZ),সব,"Axio 141, Fielder 141, Allion 260",E140 / T260,"NZE141, NZT260",1NZ-FE,2006,2012,ডেনসো ডায়মন্ড মার্ক অরিজিনাল জাপান,COL-102,দোকান ড্রয়ার E-1,CT-2026-AUG-DXB
PART-1050,৭০ কয়েল সেট (Noah 70 Ignition Coil Set 4 Pcs),"৭০ কয়েল, নোহা 70 কয়েল, ভক্সি 70 প্লাগ কয়েল",Noah / Voxy ZRR70 Denso Ignition Coil Set (4 Pcs),90919-02258-SET4,ইলেকট্রিক্যাল ও সেন্সর,সেট (Set) / পিছ,সেট,4,11500,10500,2800,400,2000cc (3ZR-FAE),CVT,"Noah 70, Voxy 70, Allion 2.0",ZR Family,"ZRR70, ZRR75, ZRT261","3ZR-FAE, 2ZR-FE",2007,2014,নোহা 60-এর 1AZ ইঞ্জিনে এই কয়েল লাগবে না,COL-105,দোকান ড্রয়ার E-2,CT-2026-AUG-DXB
PART-1051,NZE ২০০৩ ইনজেক্টর সেট (4 Pcs),"NZE 2003 ইনজেক্টর, ১২১ ইনজেক্টর, হলুদ/বাদামী ইনজেক্টর",Corolla NZE121 2003 Fuel Injector Set (4 Pcs),23250-21020-SET,ইলেকট্রিক্যাল ও সেন্সর,সেট (Set) / পিছ,সেট,4,4200,3800,1050,200,1500cc (1NZ),সব,"Corolla NZE121, Fielder 121, Probox 51",E120 Series,"NZE121, NCP51",1NZ-FE,2001,2004,১২ পিন বা ২০০৫ এর ইনজেক্টরের সাথে নজল হোল আলাদা,INJ-38,দোকান ড্রয়ার E-3,CT-2026-AUG-DXB
PART-1052,NZE ২০০৫ ইনজেক্টর সেট (4 Pcs),"NZE 2005 ইনজেক্টর, ১২১ লেট মডেল ইনজেক্টর",Corolla NZE121 2005 Fuel Injector Set (4 Pcs),23250-21040-SET,ইলেকট্রিক্যাল ও সেন্সর,সেট (Set) / পিছ,সেট,4,4500,4000,1100,200,1500cc (1NZ),সব,"Corolla NZE121, Probox, Axio 2006",E120 / E140,"NZE121, NZE141",1NZ-FE,2004,2007,কালার কোড ও পিন মিলিয়ে নিন,INJ-40,দোকান ড্রয়ার E-4,CT-2026-AUG-DXB
PART-1053,১২ পিন ইনজেক্টর সেট (12-Hole Fuel Injector 4 Pcs),"১২ পিন ইনজেক্টর, ১২ ছিদ্র ইনজেক্টর, হাই মাইলেজ ইনজেক্টর",Denso 12-Hole High Atomization Fuel Injector Set (4 Pcs),23209-21040-12H,ইলেকট্রিক্যাল ও সেন্সর,সেট (Set) / পিছ,সেট,4,3200,2800,800,200,1300cc / 1500cc,সব,"Axio, Allion, Premio, Vitz, Aqua",NZ Family,"NZE141, NZT260, NCP91","1NZ-FE, 2NZ-FE",2006,2018,১২ হোলের স্প্রে প্যাটার্ন নিখুঁত,INJ-28,দোকান ড্রয়ার E-5,CT-2026-AUG-DXB
PART-1054,মিনিফুল সেন্সর (Manifold MAP Sensor),"মিনিফুল সেন্সর, ইনটেক সেন্সর, ভ্যাকুয়াম সেন্সর, MAP Sensor",Intake Manifold Absolute Pressure MAP Sensor,89421-20210,ইলেকট্রিক্যাল ও সেন্সর,প্রযোজ্য নয়,পিছ,1,500,400,500,0,সব টয়োটা পেট্রোল,সব,"Axio, Allion, Premio, Probox, Noah",সব,"NZE141, NZT260, NCP51, ZRR70","1NZ-FE, 2ZR-FE, 3ZR-FE",2002,2020,ইলেকট্রিক্যাল পার্টস—টেস্ট করে নিতে হবে,MAP-40,দোকান ড্রয়ার E-6,CT-2026-AUG-DXB
PART-1055,EGR তারওয়ালা ভালভ (EGR Valve with Wire),"EGR তারওয়ালা, ইজিআর ভালভ, ইজিআর মোটর",Exhaust Gas Recirculation EGR Valve with Wire Connector,25620-21020,ইলেকট্রিক্যাল ও সেন্সর,প্রযোজ্য নয়,পিছ,1,1300,1100,1300,100,1500cc (1NZ),CVT,"Axio, Fielder, Aqua, Probox",NZ Family,"NZE141, NKE165, NCP51","1NZ-FE, 1NZ-FXE",2006,2018,তার ছাড়া মেকানিক্যাল টাইপের সাথে মিলবে না,EGR-11,দোকান ড্রয়ার E-7,CT-2026-AUG-DXB
PART-1056,NZE এয়ারক্লিন বক্স (Air Cleaner Filter Box),"NZE এয়ারক্লিন বক্স, এয়ার ফিল্টার বক্স, ১২১ ফিল্টার বক্স",Engine Air Cleaner Filter Housing Box Complete,17700-21070,ইলেকট্রিক্যাল ও সেন্সর,প্রযোজ্য নয়,পিছ,1,5600,5200,5600,200,1500cc (1NZ),সব,"Corolla NZE121, Fielder 121",E120 Series,NZE121,1NZ-FE,2001,2006,Axio 141-এর এয়ারক্লিন বক্সের শেপ আলাদা,AIR-52,দোকান তাক H-5,CT-2026-AUG-DXB
PART-1057,Wish প্লেইন কাটিং ওয়্যারিং সেট (Half Cut Loom),"Wish প্লেইন কাটিং, উইশ কাটিং, বডি ওয়্যারিং কাট",Toyota Wish Front Half-Cut Plain Wiring Loom Harness,82111-68050-CUT,ইলেকট্রিক্যাল ও সেন্সর,সেট (Set),সেট,1,1200,1000,1200,0,1800cc (1ZZ-FE),Auto,Toyota Wish ZNE10,E10 Series,"ZNE10, ZNE14",1ZZ-FE,2003,2009,সকেট ও ফিউজ বক্সের কানেক্টর চেক করে দিন,WSH-10,গোডাউন ওয়্যারিং সেকশন,CT-2026-AUG-DXB
PART-1058,NZE মাইক কাটিং ওয়্যারিং সেট,"NZE মাইক কাটিং, ১২১ মাইক কাটিং, ইঞ্জিন ওয়্যারিং সেট",Corolla NZE121 Front Nose Mic Cut Wiring Harness,82111-12850-CUT,ইলেকট্রিক্যাল ও সেন্সর,সেট (Set),সেট,1,7200,6500,7200,0,1500cc (1NZ),Auto,"Corolla NZE121, Fielder 121",E120 Series,NZE121,1NZ-FE,2001,2006,ইসিইউ ও সেন্সর সকেট অক্ষত আছে কি না দেখুন,NZM-65,গোডাউন ওয়্যারিং সেকশন,CT-2026-AUG-DXB
PART-1059,260 ওয়াটার জ্যাকেট পাইপসহ (Water Outlet Jacket),"260 ওয়াটার জ্যাকেট পাইপসহ, প্রিমিও ওয়াটার জ্যাকেট, কুল্যান্ট পাইপ",Engine Cylinder Head Water Jacket Outlet Pipe Assembly,16321-21020,কুলিং ও এসি,প্রযোজ্য নয়,পিছ,1,1400,1200,1400,0,1500cc / 1800cc,সব,"Allion 260, Premio 260, Axio 141",T260 / E140,"NZT260, ZRT260, NZE141","1NZ-FE, 2ZR-FE",2007,2020,মেটাল পাইপের ওরিং অক্ষত থাকতে হবে,WTR-12,দোকান তাক I-5,CT-2026-AUG-DXB
PART-1060,NZE উপরের হোর্স পাইপ (Radiator Upper Hose),"NZE উপরের হোর্স পাইপ, ১২১ রেডিয়েটর হস পাইপ, উপরের কুল্যান্ট পাইপ",Corolla NZE121 Radiator Upper Inlet Hose Pipe,16571-21030,কুলিং ও এসি,প্রযোজ্য নয়,পিছ,1,1700,1500,1700,0,1500cc (1NZ),সব,"Corolla NZE121, Fielder 121, Probox 51",E120 Series,"NZE121, NCP51",1NZ-FE,2001,2006,অরিজিনাল জাপানি রাবার সফট থাকতে হবে,HOS-15,দোকান তাক I-6,CT-2026-AUG-DXB
PART-1061,থার্মোস্টার ভালভ (Thermostat Valve),"থার্মোস্টার, থার্মোস্ট্যাট ভালভ, কুলিং থার্মোস্ট্যাট",Engine Coolant Thermostat Valve with Housing,90916-03093,কুলিং ও এসি,প্রযোজ্য নয়,পিছ,1,850,700,850,0,1300cc / 1500cc / 1800cc,সব,"Axio, Allion, Premio, Probox, Noah, Vitz",সব,"NZE141, NZT260, NCP51","1NZ-FE, 2NZ-FE",2001,2020,৮২ ডিগ্রি সেলসিয়াস রেটেড,THM-70,দোকান ড্রয়ার B-4,CT-2026-AUG-DXB
PART-1062,TRH ফ্যান মোটর পাতাসহ (Radiator Fan Motor with Blade),"TRH ফ্যান মোটর পাতাসহ, হাইস কুলিং ফ্যান, পাখা মোটর সেট",HiAce TRH200 Radiator Cooling Fan Motor with Blade Assembly,16363-75030-BLD,কুলিং ও এসি,প্রযোজ্য নয়,পিছ,1,5000,4500,5000,300,2000cc / 2700cc (1TR / 2TR),অটো,"HiAce TRH200, KDH200",H200 Series,"TRH200, TRH214","1TR-FE, 2TR-FE",2004,2019,পাখা ছাড়া শুধু মোটর লাগলে আলাদা আইটেম আছে,FAN-45,দোকান তাক I-7,CT-2026-AUG-DXB
PART-1063,TRH ফ্যান মোটর (পাখা ছাড়া),"TRH ফ্যান মোটর, হাইস ফ্যান মোটর, শুধু মোটর",HiAce TRH200 Electric Radiator Fan Motor Only,16363-75030,কুলিং ও এসি,প্রযোজ্য নয়,পিছ,1,4000,3500,4000,300,2000cc / 2700cc,অটো,"HiAce TRH200, KDH200",H200 Series,"TRH200, KDH201",1TR-FE,2004,2019,মোটর কার্বন বুশ ও স্পিড চেক করে দিন,FAN-35,দোকান তাক I-8,CT-2026-AUG-DXB
PART-1064,Axio তারওয়ালা মোটর (Fan Motor with Wire),"Axio তারওয়ালা মোটর, এক্সিও ফ্যান মোটর, রেডিয়েটর ফ্যান মোটর",Corolla Axio Radiator Cooling Fan Motor with Wiring,16363-21040,কুলিং ও এসি,প্রযোজ্য নয়,পিছ,1,1800,1500,1800,200,1500cc (1NZ),সব,"Axio 141, Fielder 141, Allion 260",E140 / T260,"NZE141, NZT260",1NZ-FE,2006,2012,তার ছাড়া ডাইরেক্ট সকেট টাইপের সাথে মিলবে না,MOT-15,দোকান তাক I-9,CT-2026-AUG-DXB
PART-1065,এলিয়ন পাওয়ার টাংকি (Power Steering Reservoir Tank),"এলিয়ন পাওয়ার টাংকি, প্রিমিও পাওয়ার অয়েল পট, স্টিয়ারিং টাংকি",Allion / Premio Power Steering Fluid Reservoir Tank,44360-20230,কুলিং ও এসি,প্রযোজ্য নয়,পিছ,1,1200,1000,1200,0,1500cc / 1800cc,সব,"Allion 260, Premio 260, Allion 240",T260 / T240,"NZT260, ZZT240","1NZ-FE, 1ZZ-FE",2001,2015,ইলেকট্রিক পাওয়ার স্টিয়ারিং গাড়িতে তেলের টাংকি থাকে না,TNK-10,দোকান তাক I-10,CT-2026-AUG-DXB
PART-1066,NZE গোল দিল্লি হাবস (Front Wheel Hub Round),"NZE গোল দিল্লি হাবস, ১২১ গোল হাবস, সামনের চাকা হাব",Corolla NZE121 Front Wheel Hub Bearing Assy (Round Type),43502-12110-RND,স্টিয়ারিং ও সাসপেনশন,সেট (Set) / পিছ,সেট,2,6200,5700,3000,300,1500cc,সব,"Corolla NZE121, Fielder 121, Probox 51",E120 / XP50,"NZE121, NCP51",1NZ-FE,2001,2006,কাঁটা দিল্লি হাবসের সাথে ABS রিং প্যাটার্ন আলাদা,HB-57R,দোকান তাক D-3,CT-2026-AUG-DXB
PART-1067,NZE কাঁটা দিল্লি হাবস (Front Wheel Hub Serrated ABS),"NZE কাঁটা দিল্লি হাবস, ১২১ কাঁটা হাবস, এবিএস দাঁত হাবস",Corolla NZE121 Front Wheel Hub with Toothed ABS Tone Ring,43502-12110-ABS,স্টিয়ারিং ও সাসপেনশন,সেট (Set) / পিছ,সেট,2,6200,5700,3000,300,1500cc,সব,"Corolla NZE121, Fielder 121",E120 Series,NZE121,1NZ-FE,2001,2006,এবিএস কাঁটার খাঁজ মিলিয়ে নিতে হবে,HB-57K,দোকান তাক D-4,CT-2026-AUG-DXB
PART-1068,Voxy ২০১০ হাবস সেট (Noah 70 Front Wheel Hub),"Voxy 2010 হাবস, নোহা 70 চাকা হাবস জোড়া, ভক্সি ফ্রন্ট হাবস",Toyota Voxy / Noah ZRR70 Front Wheel Hub Bearing Set,43502-28040,স্টিয়ারিং ও সাসপেনশন,সেট (Set) / পিছ,সেট,2,6000,5500,2900,300,2000cc,CVT,"Noah 70, Voxy 70",R70 Series,"ZRR70, ZRR75",3ZR-FAE,2007,2014,৫-হোল নোহা 70 স্পেসিফিকেশন,HB-55V,দোকান তাক D-5,CT-2026-AUG-DXB
PART-1069,Voxy ২০০৩ হাবস সেট (Noah 60 Front Wheel Hub),"Voxy 2003 হাবস, নোহা 60 হাবস জোড়া",Toyota Noah AZR60 Front Wheel Hub Set,43502-28030,স্টিয়ারিং ও সাসপেনশন,সেট (Set) / পিছ,সেট,2,5200,4700,2500,300,2000cc (1AZ-FSE),4-AT / CVT,"Noah 60, Voxy 60",R60 Series,"AZR60, AZR65",1AZ-FSE,2001,2007,নোহা 70 এর সাথে বেয়ারিং সাইজ মিলবে না,HB-47V,দোকান তাক D-6,CT-2026-AUG-DXB
PART-1070,IST ২০১৫ হাবস সেট (Toyota IST Hub Bearing),"IST 2015 হাবস, ইস্ট চাকা হাবস জোড়া, NCP110 হাবস",Toyota IST / Urban Cruiser Front Hub Bearing Set,43502-52030,স্টিয়ারিং ও সাসপেনশন,সেট (Set) / পিছ,সেট,2,9200,8500,4500,400,1500cc (1NZ),CVT,"Toyota IST NCP110, NCP115",XP110 Series,"NCP110, ZSP110","1NZ-FE, 2ZR-FE",2007,2016,পুরাতন NCP60 IST এর সাথে মিলবে না,HB-85I,দোকান তাক D-7,CT-2026-AUG-DXB
PART-1071,Axio ২০১৪ হাবস সেট (160 সিরিজ),"Axio 2014 হাবস, 160 হাবস জোড়া, নতুন এক্সিও চাকা হাব",Corolla Axio NZE161 Front Wheel Hub Bearing Pair,43502-52050,স্টিয়ারিং ও সাসপেনশন,সেট (Set) / পিছ,সেট,2,6200,5700,3000,300,1500cc (Hybrid / Petrol),CVT,"Axio 160, Fielder 160, Vitz 130",E160 Series,"NZE161, NKE165, KSP130","1NZ-FE, 1NZ-FXE",2012,2020,পুরাতন 141 সিরিজের চেয়ে বেয়ারিং হাউজিং স্লিম,HB-57A,দোকান তাক D-8,CT-2026-AUG-DXB
PART-1072,VVTI কাভার (Cylinder Head Tappet Cover),"VVTI কাভার, ট্যাপেট কাভার, হেড কাভার, 1NZ ইঞ্জিন কাভার",Toyota 1NZ-FE Aluminum Cylinder Head Valve Tappet Cover,11201-21060,ইঞ্জিন ও ট্রান্সমিশন,প্রযোজ্য নয়,পিছ,1,1600,1400,1600,100,1500cc (1NZ),সব,"Axio, Allion, Premio, Probox, Fielder, Vitz",NZ Family,"NZE141, NZT260, NCP51",1NZ-FE,2001,2018,অ্যালুমিনিয়াম বডি ফাটলমুক্ত ও অয়েল ক্যাপ থ্রেড চেক করুন,CVR-14,দোকান তাক H-6,CT-2026-AUG-DXB
PART-1073,Allion 260 পেছনের ডিক্যা (টেইলগেট),"260 ডিক্যা, এলিয়ন পেছনের ডালা, Allion টেইলগেট",Toyota Allion 260 Rear Trunk Lid Tailgate,64401-20770,বডি ও এক্সটেরিয়র,পেছনে (Rear),পিছ,1,22000,19500,22000,1000,সব ইঞ্জিন,সব,Allion 260,T260 Series,"NZT260, ZRT260",সব ইঞ্জিন,2007,2016,প্রিমিও 260 এর ব্যাকলাইট কাট আলাদা,DCK-AL,গোডাউন বডি র‍্যাক-১,CT-2026-AUG-DXB
PART-1074,Premio 260 পেছনের ডিক্যা (টেইলগেট),"260 প্রিমিও ডিক্যা, প্রিমিও পেছনের ডালা",Toyota Premio 260 Rear Trunk Lid,64401-20790,বডি ও এক্সটেরিয়র,পেছনে (Rear),পিছ,1,24000,21000,24000,1000,সব ইঞ্জিন,সব,Premio 260,T260 Series,"NZT260, ZRT260",সব ইঞ্জিন,2007,2016,এলিয়নের সাথে পেছনের গার্নিশ ও লাইট শেপ আলাদা,DCK-PR,গোডাউন বডি র‍্যাক-১,CT-2026-AUG-DXB
PART-1075,Axio 141 পেছনের ডিক্যা (টেইলগেট),"Axio ডিক্যা, 141 ডিক্যা, এক্সিও পেছনের ডালা",Toyota Corolla Axio 141 Rear Trunk Lid,64401-12A50,বডি ও এক্সটেরিয়র,পেছনে (Rear),পিছ,1,18000,16000,18000,800,সব ইঞ্জিন,সব,Axio 141,E140 Series,"NZE141, ZRE142",সব ইঞ্জিন,2006,2012,Axio 160 মডেলে ফিট হবে না,DCK-AX,গোডাউন বডি র‍্যাক-২,CT-2026-AUG-DXB
PART-1076,Axio 141 ফ্রন্ট নোজ-কাট কমপ্লিট,"Axio নোজ-কাট, এক্সিও সামনের মুখ, বাম্পার লাইট কাট","Front Nose Cut Complete Assembly with Bumper, Lights & Radiator",53100-12A20-CUT,বডি ও এক্সটেরিয়র,সামনে (Front),সেট,1,42000,38000,42000,2000,1500cc (1NZ),সব,"Axio 141, Fielder 141",E140 Series,NZE141,1NZ-FE,2006,2009,২০০৯ এর পরের ফেসলিফট গ্রিলের সাথে আলাদা,NOS-42,গোডাউন কাট সেকশন,CT-2026-AUG-DXB
