id,nameBn,aliasesBn,nameEn,oemPartNumber,category,side,unit,popularModels,generationCode,compatibleChassis,compatibleEngines,yearStart,yearEnd,mismatchWarning,askingPrice,floorPrice,secretCode,locationShop,lastContainerTag
PART-1001,Axio নিউ রেক খোলা (Power Steering Rack),"রেক খোলা, স্টিয়ারিং রেক, রেক এন্ড, Axio স্টিয়ারিং বক্স",Power Steering Rack Assembly,45510-12390,স্টিয়ারিং ও সাসপেনশন,প্রযোজ্য নয়,পিছ,"Axio 141, Fielder 141, Allion 260",E140 Series,"NZE141, ZRE142, NZT260","1NZ-FE, 2NZ-FE",2006,2012,২০১২ এর পরের (160 সিরিজ) মডেলে ফিট হবে না,8500,7800,LAK-M,দোকান তাক A-1,CT-2026-AUG-DXB
PART-1002,Axio 160 রেক খোলা (ইলেকট্রিক মোটরসহ),"160 রেক খোলা, হাইব্রিড রেক, এক্সিও নতুন রেক",Electric Power Steering Gear Box,45510-52240,স্টিয়ারিং ও সাসপেনশন,প্রযোজ্য নয়,পিছ,"Axio 160, Fielder 160, Axio Hybrid",E160 Series,"NZE161, NKE165, NRE160","1NZ-FE, 1NZ-FXE",2012,2020,পুরাতন 141 মডেলে লাগবে না,12500,11500,MDK-T,দোকান তাক A-2,CT-2026-AUG-DXB
PART-1003,Allion / Premio 260 রেক খোলা,"260 রেক খোলা, প্রিমিও রেক, এলিয়ন স্টিয়ারিং রেক",Power Steering Gear Assy,45510-68010,স্টিয়ারিং ও সাসপেনশন,প্রযোজ্য নয়,পিছ,"Allion 260, Premio 260",T260 Series,"NZT260, ZRT260, ZRT261","1NZ-FE, 2ZR-FE",2007,2020,পুরাতন 240 সিরিজের জন্য প্রযোজ্য নয়,9000,8200,TAK-R,দোকান তাক A-3,CT-2026-AUG-DXB
PART-1004,Axio 141 ফ্রন্ট শক অ্যাবজরভার (জোড়া),"Axio জাম্পার, সামনের জাম্পার জোড়া, শক স্প্রিং সেট",Front Shock Absorber Strut Pair,48510-80287,স্টিয়ারিং ও সাসপেনশন,জোড়া (Pair),জোড়া,"Axio 141, Fielder 141",E140 Series,"NZE141, ZRE142","1NZ-FE, 2NZ-FE",2006,2012,৪-হুইল ড্রাইভ (NZE144) মডেলে আলাদা,7500,6800,SHK-J,দোকান তাক B-1,CT-2026-AUG-DXB
PART-1005,Premio / Allion 260 ফ্রন্ট শক অ্যাবজরভার (জোড়া),"260 জাম্পার জোড়া, প্রিমিও সামনের শক",Front Suspension Strut Set,48510-80401,স্টিয়ারিং ও সাসপেনশন,জোড়া (Pair),জোড়া,"Premio 260, Allion 260",T260 Series,"NZT260, ZRT260","1NZ-FE, 2ZR-FE",2007,2020,T240 মডেলে ফিট হবে না,8500,7800,PRM-S,দোকান তাক B-2,CT-2026-AUG-DXB
PART-1006,Axio 141 লোয়ার কন্ট্রোল আর্ম / চিমটা (RH ডান),"Axio ডান চিমটা, লোয়ার আর্ম RH, সামনের চিমটা",Front Lower Control Arm RH,48068-12300,স্টিয়ারিং ও সাসপেনশন,ডান (RH),পিছ,"Axio 141, Fielder 141, Allion 260",E140 / T260,"NZE141, NZT260","1NZ-FE, 2NZ-FE",2006,2012,বাম পাশে ফিট হবে না (ডান পার্শ্বীয়),3500,3000,CHM-R,দোকান তাক C-1,CT-2026-AUG-DXB
PART-1007,Axio 141 লোয়ার কন্ট্রোল আর্ম / চিমটা (LH বাম),"Axio বাম চিমটা, লোয়ার আর্ম LH",Front Lower Control Arm LH,48069-12300,স্টিয়ারিং ও সাসপেনশন,বাম (LH),পিছ,"Axio 141, Fielder 141, Allion 260",E140 / T260,"NZE141, NZT260","1NZ-FE, 2NZ-FE",2006,2012,ডান পাশে ফিট হবে না (বাম পার্শ্বীয়),3500,3000,CHM-L,দোকান তাক C-2,CT-2026-AUG-DXB
PART-1008,Axio 141 ড্রাইভ শ্যাফট / এক্সেল (জোড়া),"Axio এক্সেল জোড়া, ড্রাইভ শ্যাফট, সামনের হাফ-শ্যাফট",Front Drive Shaft CV Axle Pair,43410-12820,ড্রাইভট্রেন ও এক্সেল,জোড়া (Pair),জোড়া,"Axio 141, Fielder 141, Probox 51",E140 Series,"NZE141, NCP51","1NZ-FE, 2NZ-FE",2006,2012,ম্যানুয়াল গিয়ারের সাথে অটো/CVT শ্যাফট মিলবে না,9500,8800,AXL-2,দোকান তাক C-3,CT-2026-AUG-DXB
PART-1009,নোহা 70 ফ্রন্ট হুইল হাব ও নাকল (RH ডান),"নোহা নাকল ডান, চাকা হাব RH, নোহা বেয়ারিং হাব",Front Steering Knuckle Hub RH,43211-28180,স্টিয়ারিং ও সাসপেনশন,ডান (RH),পিছ,"Noah 70, Voxy 70",R70 Series,"ZRR70, ZRR75","3ZR-FAE, 3ZR-FE",2007,2014,নোহা 60 মডেলে মিলবে না,6500,5800,NOH-H,দোকান তাক D-1,CT-2026-AUG-DXB
PART-1010,নোহা 70 ফ্রন্ট হুইল হাব ও নাকল (LH বাম),"নোহা নাকল বাম, চাকা হাব LH",Front Steering Knuckle Hub LH,43212-28180,স্টিয়ারিং ও সাসপেনশন,বাম (LH),পিছ,"Noah 70, Voxy 70",R70 Series,"ZRR70, ZRR75","3ZR-FAE, 3ZR-FE",2007,2014,নোহা 60 মডেলে মিলবে না,6500,5800,NOH-HL,দোকান তাক D-2,CT-2026-AUG-DXB
PART-1011,নোহা 70 ফ্রন্ট ব্রেক বুস্টার (মাস্টার সিলিন্ডারসহ),"নোহা বুস্টার, ব্রেক কেটলি, ভেকুয়াম বুস্টার, নোহা 70 বুস্টার",Power Brake Booster with Master Cylinder,44610-28560,ব্রেকিং সিস্টেম,প্রযোজ্য নয়,পিছ,"Noah 70, Voxy 70",R70 Series,"ZRR70, ZRR75","3ZR-FE, 3ZR-FAE",2007,2014,নোহা 80 বা 60 মডেলে পাইপ কানেকশন আলাদা,8000,7200,BST-N,দোকান তাক E-1,CT-2026-AUG-DXB
PART-1012,Axio 141 ফ্রন্ট ব্রেক বুস্টার (মাস্টার সিলিন্ডারসহ),"Axio বুস্টার, ব্রেক কেটলি, ফিল্ডার বুস্টার",Brake Booster Vacuum Assy,44610-12820,ব্রেকিং সিস্টেম,প্রযোজ্য নয়,পিছ,"Axio 141, Fielder 141, Allion 260",E140 Series,"NZE141, ZRE142","1NZ-FE, 2NZ-FE",2006,2012,Axio 160 হাইব্রিডের হাইড্রোলিক বুস্টার সম্পূর্ণ আলাদা,5500,4800,BST-A,দোকান তাক E-2,CT-2026-AUG-DXB
PART-1013,Allion / Premio 260 ব্রেক বুস্টার,"260 বুস্টার, প্রিমিও ব্রেক কেটলি, এলিয়ন বুস্টার",Power Brake Booster Assy,44610-20880,ব্রেকিং সিস্টেম,প্রযোজ্য নয়,পিছ,"Allion 260, Premio 260",T260 Series,"NZT260, ZRT260","1NZ-FE, 2ZR-FE",2007,2020,T240 মডেলের মাউন্টিং বোল্ট প্যাটার্ন আলাদা,6500,5800,BST-P,দোকান তাক E-3,CT-2026-AUG-DXB
PART-1014,Axio 141 ফ্রন্ট ব্রেক ক্যালিপার (জোড়া),"Axio ক্যালিপার জোড়া, সামনের ব্রেক পিস্টন",Front Brake Caliper Pair,47730-12800,ব্রেকিং সিস্টেম,জোড়া (Pair),জোড়া,"Axio 141, Fielder 141, Allion 260",E140 / T260,"NZE141, NZT260",1NZ-FE,2006,2012,৪-হুইল ড্রাইভ বা ২.০ লিটার মডেলে রোটর বড়,5000,4400,CLP-A,দোকান তাক F-1,CT-2026-AUG-DXB
PART-1015,Probox 51 ব্রেক ড্রাম ও হাব (রিয়ার জোড়া),"প্রোবক্স পেছনের ড্রাম, ব্রেক বাটি জোড়া",Rear Brake Drum Hub Pair,42431-52030,ব্রেকিং সিস্টেম,জোড়া (Pair),জোড়া,"Probox 51, Succeed 51",XP50 Series,"NCP50, NCP51, NLP51","1NZ-FE, 2NZ-FE",2002,2014,৪-হোল বনাম ৫-হোল ড্রাম চেক করে নিতে হবে,4500,3800,DRM-P,দোকান তাক F-2,CT-2026-AUG-DXB
PART-1016,Toyota 1NZ-FE কমপ্লিট ইঞ্জিন (CVT গিয়ারসহ),"1NZ কমপ্লিট ইঞ্জিন, এক্সিও ফুল ইঞ্জিন, 1500cc ইঞ্জিন গিয়ার সেট",1NZ-FE 1.5L Complete Engine with CVT Transmission,19000-21A30,ইঞ্জিন ও ট্রান্সমিশন,প্রযোজ্য নয়,সেট,"Axio 141, Allion 260, Premio 260, Fielder 141",NZ Family,"NZE141, NZT260",1NZ-FE (1500cc),2006,2018,ইলেকট্রনিক থ্রটল (Drive-by-wire) টাইপ,145000,138000,ENG-NZC,"গোডাউন-১, ফ্লোর A",CT-2026-AUG-DXB
PART-1017,Toyota 1NZ-FE রানিং হাফ ইঞ্জিন (হেড-ব্লক),"1NZ হাফ ইঞ্জিন, 1500cc ইঞ্জিন বডি, হেড ব্লক সেট",1NZ-FE 1.5L Long Block Engine,19000-21A10,ইঞ্জিন ও ট্রান্সমিশন,প্রযোজ্য নয়,পিছ,"Axio, Allion, Premio, Probox, Fielder",NZ Family,"NZE141, NZT260, NCP51",1NZ-FE (1500cc),2002,2018,ম্যানিফোল্ড ও সেন্সর ছাড়া রানিং কোর,85000,79000,ENG-NZH,"গোডাউন-১, ফ্লোর B",CT-2026-AUG-DXB
PART-1018,Axio / Allion CVT গিয়ারবক্স (K310 / K311),"Axio সিভিটি গিয়ার, 1NZ অটো গিয়ারবক্স, K310 গিয়ার",CVT Automatic Transmission K310/K311,30400-12040,ইঞ্জিন ও ট্রান্সমিশন,প্রযোজ্য নয়,পিছ,"Axio 141, Allion 260, Premio 260, Fielder 141",K-Series CVT,"NZE141, NZT260",1NZ-FE,2006,2012,হাইব্রিড e-CVT এর সাথে মিলবে না,52000,48000,GBX-CVT,"গোডাউন-১, ফ্লোর C",CT-2026-AUG-DXB
PART-1019,Toyota 1TR-FE কমপ্লিট ইঞ্জিন (HiAce 2000cc),"1TR ইঞ্জিন, হাইস ইঞ্জিন, 2000cc পেট্রোল ইঞ্জিন",1TR-FE 2.0L Complete Petrol Engine,19000-75610,ইঞ্জিন ও ট্রান্সমিশন,প্রযোজ্য নয়,সেট,"HiAce TRH200, RegiusAce",H200 Series,"TRH200, TRH214",1TR-FE (2000cc),2004,2019,ডিজেল 2KD ইঞ্জিনের জায়গায় বসবে না,185000,175000,ENG-1TR,"গোডাউন-২, ফ্লোর A",CT-2026-AUG-DXB
PART-1020,Toyota 3ZR-FAE ইঞ্জিন (Noah 70 Valvematic),"3ZR ইঞ্জিন, নোহা 70 ইঞ্জিন, ভক্সিম্যাটিক ইঞ্জিন",3ZR-FAE 2.0L Dual VVT-i Valvematic Engine,19000-37210,ইঞ্জিন ও ট্রান্সমিশন,প্রযোজ্য নয়,সেট,"Noah 70, Voxy 70, Allion 2.0",ZR Family,"ZRR70, ZRR75, ZRT261",3ZR-FAE (2000cc),2007,2014,পুরাতন নোহা 60-এর 1AZ-FSE ইঞ্জিনের সাথে মিলবে না,165000,155000,ENG-3ZR,"গোডাউন-২, ফ্লোর B",CT-2026-AUG-DXB
PART-1021,Toyota 1NZ ইঞ্জিন মাউন্টিং / প্যাড সেট (৪ পিছ),"ইঞ্জিন মাউন্টিং সেট, Axio মাউন্টিং, ইঞ্জিন প্যাড ৪ পিছ",Engine Motor Mount Set (4 Pcs),12305-21220,ইঞ্জিন ও ট্রান্সমিশন,সেট (Set),সেট,"Axio 141, Fielder 141",E140 Series,NZE141,1NZ-FE,2006,2012,Axio 160 মডেলে মাউন্টিং ব্র্যাকেট আলাদা,9500,8500,MNT-4,দোকান তাক G-1,CT-2026-AUG-DXB
PART-1022,Allion / Premio 260 ইঞ্জিন মাউন্টিং (সামনের ডান),"260 ডান মাউন্টিং, তেল মাউন্টিং RH, প্রিমিও ইঞ্জিন প্যাড",Front Right Hydraulic Engine Mount,12305-37090,ইঞ্জিন ও ট্রান্সমিশন,ডান (RH),পিছ,"Allion 260, Premio 260",T260 Series,"NZT260, ZRT260","1NZ-FE, 2ZR-FE",2007,2020,বাম বা পেছনের মাউন্টিংয়ের সাথে অদলবদল হবে না,4500,4000,MNT-PR,দোকান তাক G-2,CT-2026-AUG-DXB
PART-1023,Toyota 1NZ অল্টারনেটর / ডায়নামা (80A-90A),"1NZ ডায়নামা, এক্সিও অল্টারনেটর, চার্জার ডায়নামা",Alternator Generator 80A/90A,27060-21110,ইলেকট্রিক্যাল ও সেন্সর,প্রযোজ্য নয়,পিছ,"Axio, Premio, Allion, Probox, Fielder",NZ Family,"NZE141, NZT260, NCP51","1NZ-FE, 2NZ-FE",2002,2018,হাইব্রিড গাড়িতে অল্টারনেটর থাকে না (Inverter থাকে),4500,3800,ALT-NZ,দোকান তাক H-1,CT-2026-AUG-DXB
PART-1024,Toyota 1NZ সেল / স্টার্টার মোটর,"1NZ সেল মোটর, স্টার্টার সেল, এক্সিও সেল",Starter Motor Assy,28100-21020,ইলেকট্রিক্যাল ও সেন্সর,প্রযোজ্য নয়,পিছ,"Axio, Premio, Allion, Probox, Fielder",NZ Family,"NZE141, NZT260, NCP51","1NZ-FE, 2NZ-FE",2002,2018,অটো ও ম্যানুয়াল গিয়ারের টিথ (দাঁত) মিলিয়ে নিতে হবে,4200,3600,STR-NZ,দোকান তাক H-2,CT-2026-AUG-DXB
PART-1025,Toyota 1NZ থ্রটল বডি / বাটারফ্লাই (ইলেকট্রিক),"1NZ বাটারফ্লাই, ইলেকট্রনিক থ্রটল, এক্সিও থ্রটল বডি",Electronic Throttle Body Assembly,22030-21030,ইলেকট্রিক্যাল ও সেন্সর,প্রযোজ্য নয়,পিছ,"Axio 141, Allion 260, Premio 260",E140 / T260,"NZE141, NZT260",1NZ-FE,2006,2018,পুরাতন তারযুক্ত (Cable throttle) মডেলে বসবে না,5500,4800,THT-NZ,দোকান তাক H-3,CT-2026-AUG-DXB
PART-1026,Denso ইগনিশন প্লাগ কয়েল সেট (৪ পিছ),"প্লাগ কয়েল সেট, ডেনসো কয়েল, 1NZ কয়েল ৪ পিছ",Denso Ignition Coil Set (4 Pcs),90919-02240,ইলেকট্রিক্যাল ও সেন্সর,সেট (Set),সেট,"Axio, Allion, Premio, Probox, Fielder",NZ / ZZ / ZR,"NZE141, NZT260, NCP51","1NZ-FE, 2NZ-FE",2006,2018,জাপান রান অরিজিনাল ডেনসো ডায়মন্ড মার্ক,6500,5600,COL-4,দোকান তাক H-4,CT-2026-AUG-DXB
PART-1027,Axio 141 ইসিইউ / ইঞ্জিন কম্পিউটার বক্স,"Axio কম্পিউটার বক্স, 1NZ ইসিইউ, ইঞ্জিন মাদারবোর্ড",Engine Control Module ECU,89661-12C10,ইলেকট্রিক্যাল ও সেন্সর,প্রযোজ্য নয়,পিছ,"Axio 141, Fielder 141",E140 Series,NZE141,1NZ-FE,2006,2012,ইলেকট্রিক পার্টস—কোনো রিটার্ন বা ওয়ারেন্টি প্রযোজ্য নয়,8500,7500,ECU-A,দোকান ড্রয়ার E-1,CT-2026-AUG-DXB
PART-1028,Axio 141 এসি কম্প্রেশার (Denso 5SER09C),"Axio এসি পাম্প, 1NZ কম্প্রেশার, ডেনসো এসি কম্প্রেশার",AC Compressor Denso 5SER09C,88310-52551,কুলিং ও এসি,প্রযোজ্য নয়,পিছ,"Axio 141, Fielder 141, Probox 51",E140 Series,"NZE141, NCP51","1NZ-FE, 2NZ-FE",2006,2012,অয়েল ও প্রেশার চেক করে নিতে হবে,13500,12000,CMP-A,দোকান তাক I-1,CT-2026-AUG-DXB
PART-1029,Premio / Allion 260 এসি কম্প্রেশার,"260 এসি কম্প্রেশার, প্রিমিও এসি পাম্প, ডেনসো কম্প্রেশার",AC Compressor Assy,88310-68010,কুলিং ও এসি,প্রযোজ্য নয়,পিছ,"Premio 260, Allion 260",T260 Series,"NZT260, ZRT260","1NZ-FE, 2ZR-FE",2007,2020,T240 মডেলের বেল্ট পুলি ও মাউন্টিং আলাদা,14500,13000,CMP-P,দোকান তাক I-2,CT-2026-AUG-DXB
PART-1030,Axio 141 অ্যালুমিনিয়াম রেডিয়েটর ও কুলিং ফ্যান,"Axio রেডিয়েটর সেট, কুলিং ফ্যানসহ রেডিয়েটর",Radiator with Electric Cooling Fan Assembly,16400-21270,কুলিং ও এসি,প্রযোজ্য নয়,সেট,"Axio 141, Fielder 141",E140 Series,NZE141,1NZ-FE,2006,2012,ম্যানুয়াল গিয়ারের রেডিয়েটরে অয়েল কুলার থাকে না,7500,6500,RAD-A,দোকান তাক I-3,CT-2026-AUG-DXB
PART-1031,নোহা 70 ডুয়েল এসি কম্প্রেশার,"নোহা 70 এসি পাম্প, ডাবল এসি কম্প্রেশার",AC Compressor Dual AC Denso,88310-28610,কুলিং ও এসি,প্রযোজ্য নয়,পিছ,"Noah 70, Voxy 70",R70 Series,"ZRR70, ZRR75","3ZR-FAE, 3ZR-FE",2007,2014,সিঙ্গেল এসি নোহাতে প্রেশার ভালভ আলাদা,16500,15000,CMP-N,দোকান তাক I-4,CT-2026-AUG-DXB
PART-1032,Allion 260 পেছনের ডিক্যা (টেইলগেট),"260 ডিক্যা, এলিয়ন পেছনের ডালা, ব্যাক ডোর",Rear Trunk Lid Tailgate Assembly,64401-20770,বডি ও এক্সটেরিয়র,পেছনে (Rear),পিছ,Allion 260,T260 Series,"NZT260, ZRT260",সব ইঞ্জিন,2007,2016,প্রিমিও 260 এর সাথে ব্যাকলাইটের খাঁজ আলাদা,22000,19500,DCK-AL,গোডাউন বডি র‍্যাক-১,CT-2026-AUG-DXB
PART-1033,Premio 260 পেছনের ডিক্যা (টেইলগেট),"260 প্রিমিও ডিক্যা, প্রিমিও পেছনের ডালা",Rear Trunk Lid Assembly,64401-20790,বডি ও এক্সটেরিয়র,পেছনে (Rear),পিছ,Premio 260,T260 Series,"NZT260, ZRT260",সব ইঞ্জিন,2007,2016,এলিয়নের সাথে পেছনের লাইট ডিজাইন আলাদা,24000,21000,DCK-PR,গোডাউন বডি র‍্যাক-১,CT-2026-AUG-DXB
PART-1034,Axio 141 পেছনের ডিক্যা (টেইলগেট),"Axio ডিক্যা, এক্সিও পেছনের ডালা, 141 ডিক্যা",Rear Trunk Lid Tailgate,64401-12A50,বডি ও এক্সটেরিয়র,পেছনে (Rear),পিছ,Axio 141,E140 Series,"NZE141, ZRE142",সব ইঞ্জিন,2006,2012,Axio 160 মডেলে লাগবে না,18000,16000,DCK-AX,গোডাউন বডি র‍্যাক-২,CT-2026-AUG-DXB
PART-1035,"Axio 141 ফ্রন্ট নোজ-কাট (বাম্পার, হেডলাইট ও রেডিয়েটরসহ)","Axio নোজ-কাট, এক্সিও সামনের মুখ, হাফ-কাট নোজ",Front Nose Cut Complete Assembly,53100-12A20-CUT,বডি ও এক্সটেরিয়র,সামনে (Front),সেট,"Axio 141, Fielder 141",E140 Series,NZE141,1NZ-FE,2006,2009,২০০৯ এর পরের ফেসলিফট গ্রিলের সাথে আলাদা,42000,38000,NOS-AX,গোডাউন কাট সেকশন,CT-2026-AUG-DXB
PART-1036,Allion 260 ফ্রন্ট হেডলাইট জোড়া (অরিজিনাল HID),"Allion 260 হেডলাইট, সামনের লাইট জোড়া, প্রজেক্টর হেডলাইট",Front Headlight Lamp Assembly HID Pair,81110-20A50,বডি ও এক্সটেরিয়র,জোড়া (Pair),জোড়া,Allion 260,T260 Series,"NZT260, ZRT260",সব ইঞ্জিন,2007,2010,২০১০ এর পরের ফেসলিফটের হেডলাইট শেপ আলাদা,25000,22500,HDL-AL,দোকান শো-কেস লাইট,CT-2026-AUG-DXB
